# Redirects
/yeastGEM        http://sysbiochalmers.github.io/yeast-GEM     301
/yeast-GEM       http://sysbiochalmers.github.io/yeast-GEM     301
/BioMet 	       http://biomet-toolbox.chalmers.se/            301
/Yseq 	         http://gbrowse.sysbio.chalmers.se/index.php   301
/biomet          http://biomet-toolbox.chalmers.se/            301
/kiwi            https://pythonhosted.org/KiwiDist/index.html  301
/piano           https://varemo.github.io/piano/               301

/projects.html   /international-projects/                      301

https://sysbiowebsite.netlify.com/* https://www.sysbio.se/:splat 301!

/ptmbact2020	/PTMBact2020	301

/Lab_Mijakovic/IM_lab.html          /labs/mijakovic/           301
/Lab_Engqvist/lab_engqvist.html			/labs/enqvist/             301
/Lab_Hohmann/SH_lab.html			      /labs/hohmann/             301
/Lab_Larsson/lab_larsson.html			  /labs/larsson/             301
/Lab_Nielsen/lab_nielsen.html			  /labs/nielsen/             301
/Lab_Petranovic/lab_dina.html			  /labs/petranovic/          301
/Lab_Zelezniak/lab_zelezniak.html		/labs/zelezniak/           301
